name,wikipedia_url,wikidata_id,birth_date,death_date,cause_of_death,manner_of_death,age_status,minimum_lifespan_days,maximum_lifespan_days,possible_age_range,leaf_occupations
Albertet,https://en.wikipedia.org/wiki/Albertet_de_Sestaro,Q1771493,1194,1221,,,possible,9505,10233,"26 years, 8 days to 28 years, 6 days",troubadour
Jacobus Vide,https://en.wikipedia.org/wiki/Jacobus_Vide,Q1345642,1405,1433,,,possible,9863,10591,"27 years, 1 day to 28 years, 364 days",composer
Klemens Janicki,https://en.wikipedia.org/wiki/Klemens_Janicki,Q1774024,1516-11-27,1543,,,possible,9521,9885,"26 years, 25 days to 27 years, 24 days",lyricist
Tsarevich Ivan Ivanovich of Russia,https://en.wikipedia.org/wiki/Tsarevich_Ivan_Ivanovich_of_Russia,Q1353547,1554-04-07,1581-11-29,blunt trauma,homicide,confirmed,10098,10098,"27 years, 236 days",composer
Johannes Lippius,https://en.wikipedia.org/wiki/Johannes_Lippius,Q95700,1585-06-24,1612-09-24,,,confirmed,9954,9954,"27 years, 92 days",composer
Marusia Churai,https://en.wikipedia.org/wiki/Marusia_Churai,Q2497569,1625,1653,,,possible,9863,10591,"27 years, 1 day to 28 years, 364 days",singer
Julie Pinel,https://en.wikipedia.org/wiki/Julie_Pinel,Q15433777,1710,1737,,,possible,9498,10226,"26 years, 1 day to 27 years, 364 days",composer; harpsichordist
Richard Charke,https://en.wikipedia.org/wiki/Richard_Charke,Q15452249,1709,1737,,,possible,9863,10591,"27 years, 1 day to 28 years, 364 days",composer; opera singer; violinist
John Holt,https://en.wikipedia.org/wiki/John_Holt_(composer),Q16252299,1726,1753,,,possible,9498,10226,"26 years, 1 day to 27 years, 364 days",composer
Gustavus Waltz,https://en.wikipedia.org/wiki/Gustavus_Waltz,Q9282810,1732,1759,,,possible,9497,10226,"26 years, 1 day to 27 years, 364 days",composer; opera singer
Marie Baptiste,https://en.wikipedia.org/wiki/Marie_Baptiste,Q3292377,1733,1760,,,possible,9497,10226,"26 years, 1 day to 27 years, 365 days",opera singer
Anna Bon,https://en.wikipedia.org/wiki/Anna_Bon,Q440156,1738-08-11,1769,,,possible,11101,11465,"30 years, 143 days to 31 years, 142 days",composer; harpsichordist; opera singer
Maria Katarina Öhrn,https://en.wikipedia.org/wiki/Maria_Katarina_%C3%96hrn,Q4991118,1756,1783-11-08,,,possible,9808,10173,"26 years, 312 days to 27 years, 311 days",opera singer
Élisabeth Thible,https://en.wikipedia.org/wiki/%C3%89lisabeth_Thible,Q142967,1757-03-08,1785-02-13,,,confirmed,10204,10204,"27 years, 342 days",opera singer
Thomas Hawdon,https://en.wikipedia.org/wiki/Thomas_Hawdon,Q16859324,1765,1793-11-24,,,possible,10190,10554,"27 years, 328 days to 28 years, 327 days",organist
Michał Rymiński,https://en.wikipedia.org/wiki/Micha%C5%82_Rymi%C5%84ski,Q18622362,1769-12-23,1797-01-01,,,confirmed,9871,9871,"27 years, 9 days",singer
Klara Vespermann,https://en.wikipedia.org/wiki/Clara_Vespermann,Q1247530,1799-04-13,1827-03-06,,,confirmed,10188,10188,"27 years, 327 days",opera singer
Avraham Moshe Bonhart,https://en.wikipedia.org/wiki/Avraham_Moshe_of_Peshischa,Q18191306,1800,1829-12-27,,,possible,10588,10952,"28 years, 361 days to 29 years, 360 days",composer
Elizabeth Randles,https://en.wikipedia.org/wiki/Elizabeth_Randles,Q5363403,1801-08-01,1829-05-06,,,confirmed,10140,10140,"27 years, 278 days",pianist
Josef Slavík,https://en.wikipedia.org/wiki/Josef_Slav%C3%ADk,Q163993,1806-03-26,1833-05-30,,,confirmed,9927,9927,"27 years, 65 days",composer; string player; violinist
Andonios Liveralis,https://en.wikipedia.org/wiki/Antonios_Liveralis,Q492335,1814,1842,,,possible,9863,10591,"27 years, 1 day to 28 years, 364 days",composer; conductor
Master Juba,https://en.wikipedia.org/wiki/Master_Juba,Q1048321,1825,1854,,,possible,10228,10956,"28 years, 1 day to 29 years, 364 days",musician
Elise Christiani,https://en.wikipedia.org/wiki/Lisa_Cristiani,Q45423424,1825-12-04,1853-10-14,cholera,natural causes,confirmed,10176,10176,"27 years, 314 days",cellist
Adolfo Fumagalli,https://en.wikipedia.org/wiki/Adolfo_Fumagalli,Q365071,1828-10-19,1856-05-03,tuberculosis,natural causes,confirmed,10058,10058,"27 years, 197 days",composer; pianist
Kamilo Mašek,https://en.wikipedia.org/wiki/Kamilo_Ma%C5%A1ek,Q959302,1831-07-11,1859-06-29,tuberculosis,natural causes,confirmed,10215,10215,"27 years, 353 days",composer
Eleonore de Ahna,https://en.wikipedia.org/wiki/Eleonore_de_Ahna,Q109745,1838-01-08,1865-05-10,,,confirmed,9984,9984,"27 years, 122 days",opera singer
William Ralph Featherston,https://en.wikipedia.org/wiki/William_Ralph_Featherston,Q5726742,1846,1873,,,confirmed,9498,10226,"26 years, 1 day to 27 years, 364 days",hymnwriter
Marguerite Priola,https://en.wikipedia.org/wiki/Marguerite_Priola,Q110739134,1849-10-02,1876-10-27,,,confirmed,9887,9887,"27 years, 25 days",opera singer
Józef Pławiński,https://en.wikipedia.org/wiki/J%C3%B3zef_P%C5%82awi%C5%84ski,Q11731218,1853,1880-08-08,,,possible,9717,10081,"26 years, 221 days to 27 years, 220 days",composer
Dolores Paterno,https://en.wikipedia.org/wiki/Dolores_Paterno,Q5289549,1854-03-10,1881-07-03,,,confirmed,9977,9977,"27 years, 115 days",composer
Marie Litta,https://en.wikipedia.org/wiki/Marie_Litta,Q101500419,1856-06-01,1883-07-07,,,confirmed,9897,9897,"27 years, 36 days",opera singer
Josephine Wessely,https://en.wikipedia.org/wiki/Josephine_Wessely,Q390428,1860-03-18,1887-08-12,leukemia,natural causes,confirmed,10008,10008,"27 years, 147 days",singer
Jovo Ivanišević,https://en.wikipedia.org/wiki/Jovo_Ivani%C5%A1evi%C4%87,Q6296845,1861,1889,drowning,accidental death,possible,9863,10591,"27 years, 1 day to 28 years, 364 days",composer
Alexandre Levy,https://en.wikipedia.org/wiki/Alexandre_Levy,Q1362619,1864-11-10,1892-01-17; 1892-11-17,,,confirmed,9929,10234,"27 years, 68 days to 28 years, 7 days",composer; pianist
R. Scott Fishe,https://en.wikipedia.org/wiki/R._Scott_Fishe,Q7273989,1871-02-12,1898-08-31,,suicide,confirmed,10062,10062,"27 years, 200 days",opera singer
Şehzade Mehmed Şevket,https://en.wikipedia.org/wiki/%C5%9Eehzade_Mehmed_%C5%9Eevket,Q6025967,1872-06-05,1899-10-22,,,confirmed,10000,10000,"27 years, 139 days",pianist
Bessie Wentworth,https://en.wikipedia.org/wiki/Bessie_Wentworth,Q94383826,1873,1901-01-06,,,confirmed,9867,10231,"27 years, 6 days to 28 years, 5 days",singer
Otilie Suková,https://en.wikipedia.org/wiki/Otilie_Sukov%C3%A1,Q60467588,1878-06-06,1905-07-05,,,confirmed,9890,9890,"27 years, 29 days",composer; pianist
Louis Chauvin,https://en.wikipedia.org/wiki/Louis_Chauvin,Q718370,1881-03-13,1908-03-26,,,confirmed,9874,9874,"27 years, 13 days",composer; pianist
Benbadhanabongse,https://en.wikipedia.org/wiki/Benbadhanabongse,Q4886884,1882-09-13,1909-11-11,lung disease,natural causes,confirmed,9920,9920,"27 years, 59 days",songwriter
Ruth L. Trufant,https://en.wikipedia.org/wiki/Ruth_L._Trufant,Q112761969,1886,1914-04-26,,,possible,9977,10341,"27 years, 116 days to 28 years, 115 days",singer
Jindřich Prucha,https://en.wikipedia.org/wiki/Jind%C5%99ich_Prucha,Q12024834,1886-09-29,1914-09-01,,,confirmed,10198,10198,"27 years, 337 days",musician
Charles McCarron,https://en.wikipedia.org/wiki/Charles_McCarron,Q5080777,1891,1919-01-28,,,confirmed,9889,10253,"27 years, 28 days to 28 years, 27 days",composer; lyricist
Claire Rochester,https://en.wikipedia.org/wiki/Claire_Rochester,Q5125299,1893-05-10,1921-04-16,,,confirmed,10202,10202,"27 years, 341 days",singer
Lottie Kimbrough,https://en.wikipedia.org/wiki/Lottie_Kimbrough,Q13561874,1900,1928,,,possible,9862,10591,"27 years, 1 day to 28 years, 365 days",singer; songwriter
Habiba Msika,https://en.wikipedia.org/wiki/Habiba_Msika,Q2911515,1903,1930-02-21,,femicide,confirmed,9549,9913,"26 years, 52 days to 27 years, 51 days",singer
Bessie Tucker,https://en.wikipedia.org/wiki/Bessie_Tucker,Q3509314,1906,1933-01-06,,,possible,9503,9867,"26 years, 6 days to 27 years, 5 days",singer; songwriter
S. G. Kittappa,https://en.wikipedia.org/wiki/S._G._Kittappa,Q7387483,1906-08-25,1933-12-02,,,confirmed,9961,9961,"27 years, 99 days",singer
Pinetop Sparks,https://en.wikipedia.org/wiki/Pinetop_Sparks,Q16026285,1910-05-22,1935-11-05,,,possible,9298,9298,"25 years, 167 days",pianist
Robert Johnson,https://en.wikipedia.org/wiki/Robert_Johnson,Q192133,1911-05-08,1938-08-16,,homicide,confirmed,9962,9962,"27 years, 100 days",blues singer; guitarist; singer-songwriter
Helmut Bräutigam,https://en.wikipedia.org/wiki/Helmut_Br%C3%A4utigam,Q1519189,1914-02-16,1942-01-17,,,confirmed,10197,10197,"27 years, 335 days",composer
Karlrobert Kreiten,https://en.wikipedia.org/wiki/Karlrobert_Kreiten,Q95432,1916-06-26,1943; 1943-09-07,hanging to death,capital punishment,confirmed,9685,10049,"26 years, 189 days to 27 years, 188 days",pianist
María Scheller Zambrano,https://en.wikipedia.org/wiki/Mar%C3%ADa_Scheller_Zambrano,Q59662067,1917,1944,,,possible,9497,10226,"26 years, 1 day to 27 years, 365 days",composer
Nat Jaffe,https://en.wikipedia.org/wiki/Nat_Jaffe,Q1752427,1918-01-01,1945-08-05,,,confirmed,10078,10078,"27 years, 216 days",jazz musician; pianist
Roekiah,https://en.wikipedia.org/wiki/Roekiah,Q6116223,1917,1945-09-02,,,confirmed,10107,10471,"27 years, 245 days to 28 years, 244 days",singer
Parviz Rustambayov,https://en.wikipedia.org/wiki/Parviz_Rustambeyov,Q12844091,1922-01-07,1949-12-29,,,confirmed,10218,10218,"27 years, 356 days",jazz musician; saxophonist
Buddy Stewart,https://en.wikipedia.org/wiki/Buddy_Stewart,Q179616,1922,1950-02-01,,,confirmed,9894,10258,"27 years, 32 days to 28 years, 31 days",jazz musician; singer
"Jimmy ""Jammin'"" Smith",https://en.wikipedia.org/wiki/Jimmy_%22Jammin%27%22_Smith,Q6199455,1926,1953,,,confirmed,9498,10226,"26 years, 1 day to 27 years, 364 days",jazz musician
Bob Gordon,https://en.wikipedia.org/wiki/Bob_Gordon_(saxophonist),Q112884,1928-06-11,1955-08-28,traffic collision,,confirmed,9939,9939,"27 years, 78 days",clarinetist; jazz musician; saxophonist
Rigoberto López Pérez,https://en.wikipedia.org/wiki/Rigoberto_L%C3%B3pez_P%C3%A9rez,Q1394538,1929-05-13,1956-09-21,gunshot wound,,confirmed,9993,9993,"27 years, 131 days",composer
Paul Gilley,https://en.wikipedia.org/wiki/Paul_Gilley,Q57955112,1929-10-01,1957-06-16,drowning,,confirmed,10120,10120,"27 years, 258 days",songwriter
Lord Flea,https://en.wikipedia.org/wiki/Lord_Flea,Q11762576,1932,1959-05-18,,,possible,9634,9999,"26 years, 138 days to 27 years, 137 days",singer; songwriter
Jesse Belvin,https://en.wikipedia.org/wiki/Jesse_Belvin,Q1688139,1932-12-15,1960-02-06,traffic collision,accidental death,confirmed,9914,9914,"27 years, 53 days",pianist; singer; songwriter
Doug Watkins,https://en.wikipedia.org/wiki/Doug_Watkins,Q1251883,1934-03-02,1962-02-05,traffic collision,,confirmed,10202,10202,"27 years, 340 days",jazz musician
Prince La La,https://en.wikipedia.org/wiki/Prince_La_La,Q7244131,1936,1963,,,confirmed,9497,10226,"26 years, 1 day to 27 years, 364 days",singer
Margarita Sierra,https://en.wikipedia.org/wiki/Margarita_Sierra,Q6760170,1936-01-05,1963-09-06,,,confirmed,10106,10106,"27 years, 244 days",singer
Joe Carson,https://en.wikipedia.org/wiki/Joe_Carson_(musician),Q104851422,1936,1964,,,confirmed,9862,10592,"27 years, 1 day to 28 years, 365 days",singer-songwriter
Rudy Lewis,https://en.wikipedia.org/wiki/Rudy_Lewis,Q2174563,1936-08-23,1964-05-20,drug overdose,,confirmed,10132,10132,"27 years, 271 days",singer
Joe Henderson,https://en.wikipedia.org/wiki/Joe_Henderson_(gospel_singer),Q6210271,1937-04-24,1964-10-25,myocardial infarction,natural causes,confirmed,10046,10046,"27 years, 184 days",singer
Rockin' Robin Roberts,https://en.wikipedia.org/wiki/Rockin%27_Robin_Roberts,Q7355329,1940-11-23,1967-12-22,traffic collision,accidental death,confirmed,9890,9890,"27 years, 29 days",singer
Dickie Pride,https://en.wikipedia.org/wiki/Dickie_Pride,Q1210023,1941-10-21,1969-03-26,,,confirmed,10018,10018,"27 years, 156 days",singer
Brian Jones,https://en.wikipedia.org/wiki/Brian_Jones,Q204943,1942-02-28,1969-07-03,drowning,death by misadventure,confirmed,9987,9987,"27 years, 125 days",bandleader; guitarist; multi-instrumentalist; record producer; singer
Alexandra,https://en.wikipedia.org/wiki/Alexandra_(singer),Q427878,1942-05-19,1969-07-31,traffic collision,accidental death,confirmed,9935,9935,"27 years, 73 days",composer; schlager singer
Tony Tribe,https://en.wikipedia.org/wiki/Tony_Tribe,Q102722739,1943-10-09,1979,,,possible,12868,13232,"35 years, 84 days to 36 years, 83 days",singer
Ria Bartok,https://en.wikipedia.org/wiki/Ria_Bartok,Q3429988,1943-01-26,1970-02-28,,accidental death,confirmed,9895,9895,"27 years, 33 days",singer
Soledad Miranda,https://en.wikipedia.org/wiki/Soledad_Miranda,Q266319,1943-07-09,1970-08-18,traffic collision,accidental death,confirmed,9902,9902,"27 years, 40 days",singer
Alan Wilson,https://en.wikipedia.org/wiki/Alan_Wilson_(musician),Q719520,1943-07-04,1970-09-03,drug overdose,,confirmed,9923,9923,"27 years, 61 days",guitarist; singer-songwriter
Jimi Hendrix,https://en.wikipedia.org/wiki/Jimi_Hendrix,Q5928,1942-11-27,1970-09-18,asphyxia,accidental death,confirmed,10157,10157,"27 years, 295 days",record producer; rock guitarist; singer-songwriter; vocalist
Janis Joplin,https://en.wikipedia.org/wiki/Janis_Joplin,Q1514,1943-01-19,1970-10-04,opioid overdose,accidental death,confirmed,10120,10120,"27 years, 258 days",singer
Jim Morrison,https://en.wikipedia.org/wiki/Jim_Morrison,Q44301,1943-12-08,1971-07-03,,undetermined,confirmed,10069,10069,"27 years, 207 days",lyricist; rock musician; singer-songwriter; vocalist
Linda Jones,https://en.wikipedia.org/wiki/Linda_Jones,Q1679683,1944-12-14,1972-03-14,diabetes,natural causes,confirmed,9952,9952,"27 years, 91 days",singer
Leslie Harvey,https://en.wikipedia.org/wiki/Leslie_Harvey,Q324376,1944-09-13,1972-05-03,electrocution,death by misadventure,confirmed,10094,10094,"27 years, 233 days",guitarist
Allan F. Nicholls,https://en.wikipedia.org/wiki/Allan_F._Nicholls,Q15442268,1945-04-08,1973-02-18,,,confirmed,10178,10178,"27 years, 316 days",composer
"Ron ""Pigpen"" McKernan",https://en.wikipedia.org/wiki/Ron_%22Pigpen%22_McKernan,Q2165146,1945-09-08,1973-03-08,gastrointestinal bleeding,natural causes,confirmed,10043,10043,"27 years, 181 days",percussionist; singer
Pamela Courson,https://en.wikipedia.org/wiki/Pamela_Courson,Q428967,1946-12-22,1974-04-25,drug overdose,accidental death,confirmed,9986,9986,"27 years, 124 days",singer
Dave Alexander,https://en.wikipedia.org/wiki/Dave_Alexander_(musician),Q562112,1947-06-03,1975-02-10,pulmonary edema,natural causes,confirmed,10114,10114,"27 years, 252 days",bassist; songwriter
Pete Ham,https://en.wikipedia.org/wiki/Pete_Ham,Q1493339,1947-04-27,1975-04-24,hanging to death,suicide,confirmed,10224,10224,"27 years, 362 days",guitarist; singer; songwriter
Gary Thain,https://en.wikipedia.org/wiki/Gary_Thain,Q724243,1948-05-15,1975-12-08,drug overdose,,confirmed,10068,10068,"27 years, 207 days",bass guitarist
Visnujana Swami,https://en.wikipedia.org/wiki/Visnujana_Swami,Q4112767,1948-06-02,1976,,,confirmed,10074,10439,"27 years, 213 days to 28 years, 212 days",musician
Cecilia,https://en.wikipedia.org/wiki/Cecilia_(Spanish_singer),Q937017,1948-10-11,1976-08-02,traffic collision,accidental death,confirmed,10157,10157,"27 years, 296 days",recording artist; singer-songwriter
Art Lown,https://en.wikipedia.org/wiki/Art_Lown,Q137802677,1949-12-21,1977-02-08,,,confirmed,9911,9911,"27 years, 49 days",singer-songwriter
Helmut Köllen,https://en.wikipedia.org/wiki/Helmut_K%C3%B6llen,Q5709669,1950-03-02,1977-05-03,carbon monoxide poisoning,natural causes,confirmed,9924,9924,"27 years, 62 days",singer
José Carlos Schwarz,https://en.wikipedia.org/wiki/Jos%C3%A9_Carlos_Schwarz,Q3322725,1949-12-06,1977-05-27,aviation accident,,confirmed,10034,10034,"27 years, 172 days",musician
André Paiement,https://en.wikipedia.org/wiki/Andr%C3%A9_Paiement,Q2848386,1950-06-28,1978-01-23,,suicide,confirmed,10071,10071,"27 years, 209 days",singer-songwriter
Chris Bell,https://en.wikipedia.org/wiki/Chris_Bell_(American_musician),Q5105876,1951-01-12,1978-12-27,traffic collision,accidental death,confirmed,10211,10211,"27 years, 349 days",guitarist; singer-songwriter
Jacob Miller,https://en.wikipedia.org/wiki/Jacob_Miller_(musician),Q655163,1952-05-04,1980-03-23,traffic collision,accidental death,confirmed,10185,10185,"27 years, 324 days",singer; songwriter
Bert Bertrand,https://en.wikipedia.org/wiki/Bert_Bertrand,Q2899181,1955-04-01,1983-02-06,,suicide,confirmed,10173,10173,"27 years, 311 days",musician
D. Boon,https://en.wikipedia.org/wiki/D._Boon,Q744528,1958-04-01,1985-12-22,traffic collision,accidental death,confirmed,10127,10127,"27 years, 265 days",guitarist; singer-songwriter
Happy Akhand,https://en.wikipedia.org/wiki/Happy_Akhand,Q13060298,1960-10-12,1987-12-28,,,confirmed,9938,9938,"27 years, 77 days",singer
Alexander Bashlachev,https://en.wikipedia.org/wiki/Alexander_Bashlachev,Q973400,1960-05-27,1988-02-17,falling,suicide,confirmed,10127,10127,"27 years, 266 days",guitarist; singer-songwriter
Amar Singh Chamkila,https://en.wikipedia.org/wiki/Amar_Singh_Chamkila,Q4740048,1960-07-01; 1960-07-21; 1961-07-21,1988-03-08,gunshot wound,homicide,confirmed,9727,10112,"26 years, 231 days to 27 years, 251 days",singer; songwriter
Jean-Michel Basquiat,https://en.wikipedia.org/wiki/Jean-Michel_Basquiat,Q155407,1960-12-22,1988-08-12,heroin overdose,accidental death,confirmed,10095,10095,"27 years, 234 days",composer; record producer
Fathead,https://en.wikipedia.org/wiki/Fathead_(musician),Q5437532,1960,1988-10-19,,,possible,10154,10519,"27 years, 293 days to 28 years, 292 days",musician
Pete de Freitas,https://en.wikipedia.org/wiki/Pete_de_Freitas,Q5742577,1961-08-02,1989-06-14,traffic collision,,confirmed,10178,10178,"27 years, 316 days",drummer; songwriter
Finbarr Donnelly,https://en.wikipedia.org/wiki/Finbarr_Donnelly,Q95364170,1962-04-25,1989-06-18,drowning,accidental death,confirmed,9916,9916,"27 years, 54 days",singer
Chris Austin,https://en.wikipedia.org/wiki/Chris_Austin,Q5105771,1964-02-24,1991-03-16,,,confirmed,9882,9882,"27 years, 20 days",singer-songwriter
Mia Zapata,https://en.wikipedia.org/wiki/Mia_Zapata,Q2485489,1965-08-25,1993-07-07,,homicide,confirmed,10178,10178,"27 years, 316 days",singer
Ümit Yılbar,https://en.wikipedia.org/wiki/%C3%9Cmit_Y%C4%B1lbar,Q55929914,1966,1993-09-25,,,confirmed,9765,10129,"26 years, 268 days to 27 years, 267 days",guitarist
Dirtsman,https://en.wikipedia.org/wiki/Dirtsman,Q1228204,1966,1993-12-21,,,confirmed,9852,10216,"26 years, 355 days to 27 years, 354 days",singer
Kurt Cobain,https://en.wikipedia.org/wiki/Kurt_Cobain,Q8446,1967-02-20,1994-04-05,gunshot wound,suicide,confirmed,9906,9906,"27 years, 44 days",guitarist; rock singer; songwriter
Kristen Pfaff,https://en.wikipedia.org/wiki/Kristen_Pfaff,Q240554,1967-05-26,1994-06-16,drug overdose,,confirmed,9883,9883,"27 years, 21 days",musician
Stretch,https://en.wikipedia.org/wiki/Stretch_(rapper),Q5640221,1968-04-08,1995-11-30,,homicide,confirmed,10097,10097,"27 years, 236 days",hip hop producer; rapper
Seagram,https://en.wikipedia.org/wiki/Seagram_(rapper),Q7440442,1969-04-13,1996-07-31,,homicide,confirmed,9971,9971,"27 years, 109 days",rapper
Fat Pat,https://en.wikipedia.org/wiki/Fat_Pat,Q1397912,1970-12-04,1998-02-03,,homicide,confirmed,9923,9923,"27 years, 61 days",rapper
Freaky Tah,https://en.wikipedia.org/wiki/Freaky_Tah,Q5494305,1971-05-14,1999-03-28,,homicide,confirmed,10180,10180,"27 years, 318 days",rapper
Kami,https://en.wikipedia.org/wiki/Kami_(musician),Q2734152,1972-02-01,1999-06-21,cerebral hemorrhage,natural causes,confirmed,10002,10002,"27 years, 140 days",drummer
Rodrigo Bueno,https://en.wikipedia.org/wiki/Rodrigo_(musician),Q321108,1973-05-24,2000-06-24,car collision,accidental death,confirmed,9893,9893,"27 years, 31 days",singer
Moses Taiwa Molelekwa,https://en.wikipedia.org/wiki/Moses_Taiwa_Molelekwa,Q1949226,1973-04-17,2001-02-13,,,confirmed,10164,10164,"27 years, 302 days",jazz musician; pianist
María Serrano Serrano,https://en.wikipedia.org/wiki/Maria_Serrano_Serrano_(Passion_Fruit),Q11769142,1973-11-26,2001-11-24,aviation accident,accidental death,confirmed,10225,10225,"27 years, 363 days",singer
Jeremy Ward,https://en.wikipedia.org/wiki/Jeremy_Ward_(musician),Q1061870,1976-05-05,2003-05-25,drug overdose,,confirmed,9881,9881,"27 years, 20 days",musician
Tsakani Mhinga,https://en.wikipedia.org/wiki/Tsakani_Mhinga,Q7849324,1979,2006-02-27,,,confirmed,9555,9919,"26 years, 58 days to 27 years, 57 days",musician
Moses Khumalo,https://en.wikipedia.org/wiki/Moses_Khumalo,Q1765166,1979-01-30,2006-09-04,hanging to death,suicide,confirmed,10079,10079,"27 years, 217 days",jazz musician; saxophonist
Valentín Elizalde,https://en.wikipedia.org/wiki/Valent%C3%ADn_Elizalde,Q963396,1979-02-01,2006-11-25,gunshot wound,homicide,confirmed,10159,10159,"27 years, 297 days",singer
Tigist Shibabaw,https://en.wikipedia.org/wiki/Tigist_Shibabaw,Q7801669,1980,2008-01,,,possible,9862,10257,"27 years, 1 day to 28 years, 30 days",singer
Justin Mentell,https://en.wikipedia.org/wiki/Justin_Mentell,Q126870,1982-12-16,2010-02-01,traffic collision,accidental death,confirmed,9909,9909,"27 years, 47 days",musician
Amy Winehouse,https://en.wikipedia.org/wiki/Amy_Winehouse,Q15897,1983-09-14,2011-07-23,alcohol intoxication,natural causes,confirmed,10174,10174,"27 years, 312 days",jazz guitarist; recording artist; singer-songwriter
Takunda Mafika,https://en.wikipedia.org/wiki/Takunda_Mafika,Q7678593,1983-10-31,2011-10-12,,,confirmed,10208,10208,"27 years, 346 days",musician
Jesse Morris,https://en.wikipedia.org/wiki/Jesse_Morris,Q116798157,1984-11-06,2011-11-06,,,confirmed,9861,9861,"27 years, 0 days",guitarist
Meenakshi Thapa,https://en.wikipedia.org/wiki/Meenakshi_Thapar,Q441799,1984-10-04,2012-04-19,decapitation,,confirmed,10059,10059,"27 years, 198 days",singer
Monkey Black,https://en.wikipedia.org/wiki/Monkey_Black,Q16740843,1986-07-26,2014-04-30,,,confirmed,10140,10140,"27 years, 278 days",rapper
Slađa Guduraš,https://en.wikipedia.org/wiki/Sla%C4%91a_Gudura%C5%A1,Q18658532,1987-08-11,2014-12-10,traffic collision,,confirmed,9983,9983,"27 years, 121 days",singer
Viyan Peyman,https://en.wikipedia.org/wiki/Viyan_Peyman,Q61974918,1988,2015-04-06,injury,,possible,9592,9957,"26 years, 96 days to 27 years, 95 days",singer
Chelele,https://en.wikipedia.org/wiki/Chelele,Q122237728,1988,2016-01,,,possible,9862,10257,"27 years, 1 day to 28 years, 30 days",singer
Tomas Lowe,https://en.wikipedia.org/wiki/Tomas_Lowe,Q124313388,1988-05-01,2016-02-13,,,confirmed,10149,10149,"27 years, 288 days",bassist
Shot,https://en.wikipedia.org/wiki/Shot_(rapper),Q87711400,1989-12-01,2017-09-21,diabetic coma,natural causes,confirmed,10156,10156,"27 years, 294 days",rapper
Kim Jong-hyun,https://en.wikipedia.org/wiki/Jonghyun,Q484484,1990-04-08,2017-12-18,carbon monoxide poisoning,suicide,confirmed,10116,10116,"27 years, 254 days",singer-songwriter
Fredo Santana,https://en.wikipedia.org/wiki/Fredo_Santana,Q13107451,1990-07-04,2018-01-19,epilepsy,natural causes,confirmed,10061,10061,"27 years, 199 days",rapper; songwriter
Cha In-ha,https://en.wikipedia.org/wiki/Cha_In-ha,Q55734717,1992-07-15,2019-12-03,,,confirmed,10002,10002,"27 years, 141 days",singer
Kiing Shooter,https://en.wikipedia.org/wiki/Kiing_Shooter,Q79666066,1992-07-25,2020-05-05,COVID-19,natural causes,confirmed,10146,10146,"27 years, 285 days",rapper; songwriter
Benjamin Keough,https://en.wikipedia.org/wiki/Benjamin_Keough,Q17385637,1992-10-21,2020-07-12,,suicide,confirmed,10126,10126,"27 years, 265 days",singer
Sasa Klaas,https://en.wikipedia.org/wiki/Sasa_Klaas,Q104370664,1993-05-17,2021-03-05,aircraft crash,accidental death,confirmed,10154,10154,"27 years, 292 days",rapper
B. Smyth,https://en.wikipedia.org/wiki/B._Smyth,Q17149930,1992-03-12,2022-11-17,pulmonary fibrosis,natural causes,possible,11207,11207,"30 years, 250 days",rapper; songwriter
Wal,https://en.wikipedia.org/wiki/Walkie_(rapper),Q114363081,1995-05-24,2022-09-30,suicide by jumping from height,suicide,confirmed,9991,9991,"27 years, 129 days",rapper; singer-songwriter
Ryuchell,https://en.wikipedia.org/wiki/Ryuchell,Q24260049,1995-09-29,2023-07-12,hanging to death,suicide,confirmed,10148,10148,"27 years, 286 days",singer
MohBad,https://en.wikipedia.org/wiki/MohBad,Q119700248,1996-01-03,2023-09-12,,,confirmed,10114,10114,"27 years, 252 days",rapper; songwriter
Dutty Dior,https://en.wikipedia.org/wiki/Dutty_Dior,Q64413054,1996-11-30,2024-04-06,,,confirmed,9989,9989,"27 years, 128 days",rapper; songwriter
